gene,p_value,adjusted_p_value,annotation
gene_2,0.00018892874584433092,0.018892874584433093,Pathway B
